,id,lat,lon
0,0,37.70951329037847,-122.50945052425416
1,1,37.709513290378474,-122.50576172027189
2,2,37.70951329037847,-122.50207291628955
3,3,37.70951329037847,-122.49838411230728
4,4,37.70951329037847,-122.49469530832494
5,5,37.709513290378474,-122.49100650434265
6,6,37.70951329037847,-122.48731770036032
7,7,37.70951329037847,-122.483628896378
8,8,37.709513290378474,-122.47994009239572
9,9,37.70951329037847,-122.47625128841338
10,10,37.70951329037847,-122.47256248443108
11,11,37.709513290378474,-122.46887368044878
12,12,37.70951329037847,-122.46518487646648
13,13,37.70951329037847,-122.46149607248417
14,14,37.709513290378474,-122.45780726850184
15,15,37.70951329037847,-122.45411846451955
16,16,37.70951329037847,-122.45042966053724
17,17,37.70951329037847,-122.44674085655494
18,18,37.709513290378474,-122.44305205257261
19,19,37.70951329037847,-122.43936324859033
20,20,37.70951329037847,-122.435674444608
21,21,37.709513290378474,-122.43198564062567
22,22,37.70951329037847,-122.42829683664338
23,23,37.70951329037847,-122.42460803266104
24,24,37.70951329037847,-122.42091922867873
25,25,37.709513290378474,-122.41723042469644
26,26,37.70951329037847,-122.41354162071416
27,27,37.70951329037847,-122.40985281673181
28,28,37.709513290378474,-122.4061640127495
29,29,37.70951329037847,-122.4024752087672
30,30,37.70951329037847,-122.39878640478487
31,31,37.709513290378474,-122.39509760080259
32,32,37.70951329037847,-122.39140879682026
33,33,37.70951329037847,-122.38771999283796
34,34,37.709513290378474,-122.38403118885564
35,35,37.70951329037847,-122.38034238487336
36,36,37.70951329037847,-122.37665358089104
37,37,37.70951329037847,-122.37296477690872
38,38,37.709513290378474,-122.36927597292642
39,39,37.70951329037847,-122.3655871689441
40,40,37.71256335276607,-122.50945052425416
41,41,37.71256335276607,-122.50576172027189
42,42,37.71256335276607,-122.50207291628958
43,43,37.71256335276607,-122.49838411230726
44,44,37.71256335276607,-122.49469530832495
45,45,37.71256335276607,-122.49100650434261
46,46,37.71256335276607,-122.48731770036034
47,47,37.71256335276607,-122.48362889637801
48,48,37.71256335276607,-122.4799400923957
49,49,37.71256335276607,-122.47625128841341
50,50,37.71256335276607,-122.47256248443108
51,51,37.71256335276607,-122.4688736804488
52,52,37.71256335276607,-122.46518487646651
53,53,37.71256335276607,-122.46149607248415
54,54,37.71256335276607,-122.45780726850184
55,55,37.71256335276607,-122.45411846451952
56,56,37.71256335276607,-122.45042966053724
57,57,37.71256335276607,-122.44674085655492
58,58,37.71256335276607,-122.44305205257263
59,59,37.71256335276607,-122.43936324859033
60,60,37.71256335276607,-122.43567444460798
61,61,37.71256335276607,-122.4319856406257
62,62,37.71256335276607,-122.42829683664336
63,63,37.71256335276607,-122.42460803266106
64,64,37.71256335276607,-122.42091922867874
65,65,37.71256335276607,-122.41723042469646
66,66,37.71256335276607,-122.41354162071414
67,67,37.71256335276607,-122.40985281673183
68,68,37.71256335276607,-122.4061640127495
69,69,37.71256335276607,-122.40247520876723
70,70,37.71256335276607,-122.39878640478487
71,71,37.71256335276607,-122.39509760080259
72,72,37.71256335276607,-122.39140879682029
73,73,37.71256335276607,-122.38771999283797
74,74,37.71256335276607,-122.38403118885566
75,75,37.71256335276607,-122.38034238487336
76,76,37.71256335276607,-122.37665358089104
77,77,37.71256335276607,-122.37296477690872
78,78,37.71256335276607,-122.36927597292643
79,79,37.71256335276607,-122.36558716894412
80,80,37.71561341515366,-122.50945052425416
81,81,37.71561341515366,-122.50576172027189
82,82,37.71561341515366,-122.50207291628955
83,83,37.71561341515366,-122.49838411230728
84,84,37.71561341515366,-122.49469530832494
85,85,37.71561341515366,-122.49100650434265
86,86,37.71561341515366,-122.48731770036032
87,87,37.71561341515366,-122.483628896378
88,88,37.71561341515366,-122.47994009239572
89,89,37.71561341515366,-122.47625128841338
90,90,37.71561341515366,-122.47256248443108
91,91,37.71561341515366,-122.46887368044878
92,92,37.71561341515366,-122.46518487646648
93,93,37.71561341515366,-122.46149607248417
94,94,37.71561341515366,-122.45780726850184
95,95,37.71561341515366,-122.45411846451955
96,96,37.71561341515366,-122.45042966053724
97,97,37.71561341515366,-122.44674085655494
98,98,37.71561341515366,-122.44305205257261
99,99,37.71561341515366,-122.43936324859033
100,100,37.71561341515366,-122.435674444608
101,101,37.71561341515366,-122.43198564062567
102,102,37.71561341515366,-122.42829683664338
103,103,37.71561341515366,-122.42460803266104
104,104,37.71561341515366,-122.42091922867873
105,105,37.71561341515366,-122.41723042469644
106,106,37.71561341515366,-122.41354162071416
107,107,37.71561341515366,-122.40985281673181
108,108,37.71561341515366,-122.4061640127495
109,109,37.71561341515366,-122.4024752087672
110,110,37.71561341515366,-122.39878640478487
111,111,37.71561341515366,-122.39509760080259
112,112,37.71561341515366,-122.39140879682026
113,113,37.71561341515366,-122.38771999283796
114,114,37.71561341515366,-122.38403118885564
115,115,37.71561341515366,-122.38034238487336
116,116,37.71561341515366,-122.37665358089104
117,117,37.71561341515366,-122.37296477690872
118,118,37.71561341515366,-122.36927597292642
119,119,37.71561341515366,-122.3655871689441
120,120,37.71866347754126,-122.50945052425416
121,121,37.71866347754126,-122.50576172027189
122,122,37.71866347754126,-122.50207291628955
123,123,37.71866347754126,-122.49838411230728
124,124,37.71866347754126,-122.49469530832494
125,125,37.71866347754126,-122.49100650434265
126,126,37.71866347754126,-122.48731770036032
127,127,37.71866347754126,-122.483628896378
128,128,37.71866347754126,-122.47994009239572
129,129,37.71866347754126,-122.47625128841338
130,130,37.71866347754126,-122.47256248443108
131,131,37.71866347754126,-122.46887368044878
132,132,37.71866347754126,-122.46518487646648
133,133,37.71866347754126,-122.46149607248417
134,134,37.71866347754126,-122.45780726850184
135,135,37.71866347754126,-122.45411846451955
136,136,37.71866347754126,-122.45042966053724
137,137,37.71866347754126,-122.44674085655494
138,138,37.71866347754126,-122.44305205257261
139,139,37.71866347754126,-122.43936324859033
140,140,37.71866347754126,-122.435674444608
141,141,37.71866347754126,-122.43198564062567
142,142,37.71866347754126,-122.42829683664338
143,143,37.71866347754126,-122.42460803266104
144,144,37.71866347754126,-122.42091922867873
145,145,37.71866347754126,-122.41723042469644
146,146,37.71866347754126,-122.41354162071416
147,147,37.71866347754126,-122.40985281673181
148,148,37.71866347754126,-122.4061640127495
149,149,37.71866347754126,-122.4024752087672
150,150,37.71866347754126,-122.39878640478487
151,151,37.71866347754126,-122.39509760080259
152,152,37.71866347754126,-122.39140879682026
153,153,37.71866347754126,-122.38771999283796
154,154,37.71866347754126,-122.38403118885564
155,155,37.71866347754126,-122.38034238487336
156,156,37.71866347754126,-122.37665358089104
157,157,37.71866347754126,-122.37296477690872
158,158,37.71866347754126,-122.36927597292642
159,159,37.71866347754126,-122.3655871689441
160,160,37.721713539928864,-122.50945052425416
161,161,37.721713539928864,-122.50576172027189
162,162,37.721713539928864,-122.50207291628955
163,163,37.721713539928864,-122.49838411230728
164,164,37.721713539928864,-122.49469530832494
165,165,37.721713539928864,-122.49100650434265
166,166,37.721713539928864,-122.48731770036032
167,167,37.721713539928864,-122.483628896378
168,168,37.721713539928864,-122.47994009239572
169,169,37.721713539928864,-122.47625128841338
170,170,37.721713539928864,-122.47256248443108
171,171,37.721713539928864,-122.46887368044878
172,172,37.721713539928864,-122.46518487646648
173,173,37.721713539928864,-122.46149607248417
174,174,37.721713539928864,-122.45780726850184
175,175,37.721713539928864,-122.45411846451955
176,176,37.721713539928864,-122.45042966053724
177,177,37.721713539928864,-122.44674085655494
178,178,37.721713539928864,-122.44305205257261
179,179,37.721713539928864,-122.43936324859033
180,180,37.721713539928864,-122.435674444608
181,181,37.721713539928864,-122.43198564062567
182,182,37.721713539928864,-122.42829683664338
183,183,37.721713539928864,-122.42460803266104
184,184,37.721713539928864,-122.42091922867873
185,185,37.721713539928864,-122.41723042469644
186,186,37.721713539928864,-122.41354162071416
187,187,37.721713539928864,-122.40985281673181
188,188,37.721713539928864,-122.4061640127495
189,189,37.721713539928864,-122.4024752087672
190,190,37.721713539928864,-122.39878640478487
191,191,37.721713539928864,-122.39509760080259
192,192,37.721713539928864,-122.39140879682026
193,193,37.721713539928864,-122.38771999283796
194,194,37.721713539928864,-122.38403118885564
195,195,37.721713539928864,-122.38034238487336
196,196,37.721713539928864,-122.37665358089104
197,197,37.721713539928864,-122.37296477690872
198,198,37.721713539928864,-122.36927597292642
199,199,37.721713539928864,-122.3655871689441
200,200,37.72476360231646,-122.50945052425416
201,201,37.724763602316465,-122.50576172027189
202,202,37.72476360231646,-122.50207291628955
203,203,37.72476360231646,-122.49838411230728
204,204,37.72476360231646,-122.49469530832494
205,205,37.724763602316465,-122.49100650434265
206,206,37.72476360231646,-122.48731770036032
207,207,37.72476360231646,-122.483628896378
208,208,37.724763602316465,-122.47994009239572
209,209,37.72476360231646,-122.47625128841338
210,210,37.72476360231646,-122.47256248443108
211,211,37.724763602316465,-122.46887368044878
212,212,37.72476360231646,-122.46518487646648
213,213,37.72476360231646,-122.46149607248417
214,214,37.724763602316465,-122.45780726850184
215,215,37.72476360231646,-122.45411846451955
216,216,37.72476360231646,-122.45042966053724
217,217,37.72476360231646,-122.44674085655494
218,218,37.724763602316465,-122.44305205257261
219,219,37.72476360231646,-122.43936324859033
220,220,37.72476360231646,-122.435674444608
221,221,37.724763602316465,-122.43198564062567
222,222,37.72476360231646,-122.42829683664338
223,223,37.72476360231646,-122.42460803266104
224,224,37.72476360231646,-122.42091922867873
225,225,37.724763602316465,-122.41723042469644
226,226,37.72476360231646,-122.41354162071416
227,227,37.72476360231646,-122.40985281673181
228,228,37.724763602316465,-122.4061640127495
229,229,37.72476360231646,-122.4024752087672
230,230,37.72476360231646,-122.39878640478487
231,231,37.724763602316465,-122.39509760080259
232,232,37.72476360231646,-122.39140879682026
233,233,37.72476360231646,-122.38771999283796
234,234,37.724763602316465,-122.38403118885564
235,235,37.72476360231646,-122.38034238487336
236,236,37.72476360231646,-122.37665358089104
237,237,37.72476360231646,-122.37296477690872
238,238,37.724763602316465,-122.36927597292642
239,239,37.72476360231646,-122.3655871689441
240,240,37.72781366470406,-122.50945052425416
241,241,37.727813664704065,-122.50576172027189
242,242,37.72781366470406,-122.50207291628958
243,243,37.72781366470406,-122.49838411230726
244,244,37.72781366470406,-122.49469530832495
245,245,37.727813664704065,-122.49100650434261
246,246,37.72781366470406,-122.48731770036034
247,247,37.72781366470406,-122.48362889637801
248,248,37.727813664704065,-122.4799400923957
249,249,37.72781366470406,-122.47625128841341
250,250,37.72781366470406,-122.47256248443108
251,251,37.727813664704065,-122.4688736804488
252,252,37.72781366470406,-122.46518487646651
253,253,37.72781366470406,-122.46149607248415
254,254,37.727813664704065,-122.45780726850184
255,255,37.72781366470406,-122.45411846451952
256,256,37.72781366470406,-122.45042966053724
257,257,37.72781366470406,-122.44674085655492
258,258,37.727813664704065,-122.44305205257263
259,259,37.72781366470406,-122.43936324859033
260,260,37.72781366470406,-122.43567444460798
261,261,37.727813664704065,-122.4319856406257
262,262,37.72781366470406,-122.42829683664336
263,263,37.72781366470406,-122.42460803266106
264,264,37.72781366470406,-122.42091922867874
265,265,37.727813664704065,-122.41723042469646
266,266,37.72781366470406,-122.41354162071414
267,267,37.72781366470406,-122.40985281673183
268,268,37.727813664704065,-122.4061640127495
269,269,37.72781366470406,-122.40247520876723
270,270,37.72781366470406,-122.39878640478487
271,271,37.727813664704065,-122.39509760080259
272,272,37.72781366470406,-122.39140879682029
273,273,37.72781366470406,-122.38771999283797
274,274,37.727813664704065,-122.38403118885566
275,275,37.72781366470406,-122.38034238487336
276,276,37.72781366470406,-122.37665358089104
277,277,37.72781366470406,-122.37296477690872
278,278,37.727813664704065,-122.36927597292643
279,279,37.72781366470406,-122.36558716894412
280,280,37.73086372709166,-122.50945052425416
281,281,37.73086372709165,-122.50576172027189
282,282,37.73086372709166,-122.50207291628955
283,283,37.73086372709166,-122.49838411230728
284,284,37.73086372709166,-122.49469530832494
285,285,37.73086372709165,-122.49100650434265
286,286,37.73086372709166,-122.48731770036032
287,287,37.73086372709166,-122.483628896378
288,288,37.73086372709165,-122.47994009239572
289,289,37.73086372709166,-122.47625128841338
290,290,37.73086372709166,-122.47256248443108
291,291,37.73086372709165,-122.46887368044878
292,292,37.73086372709166,-122.46518487646648
293,293,37.73086372709166,-122.46149607248417
294,294,37.73086372709165,-122.45780726850184
295,295,37.73086372709166,-122.45411846451955
296,296,37.73086372709166,-122.45042966053724
297,297,37.73086372709166,-122.44674085655494
298,298,37.73086372709165,-122.44305205257261
299,299,37.73086372709166,-122.43936324859033
300,300,37.73086372709166,-122.435674444608
301,301,37.73086372709165,-122.43198564062567
302,302,37.73086372709166,-122.42829683664338
303,303,37.73086372709166,-122.42460803266104
304,304,37.73086372709166,-122.42091922867873
305,305,37.73086372709165,-122.41723042469644
306,306,37.73086372709166,-122.41354162071416
307,307,37.73086372709166,-122.40985281673181
308,308,37.73086372709165,-122.4061640127495
309,309,37.73086372709166,-122.4024752087672
310,310,37.73086372709166,-122.39878640478487
311,311,37.73086372709165,-122.39509760080259
312,312,37.73086372709166,-122.39140879682026
313,313,37.73086372709166,-122.38771999283796
314,314,37.73086372709165,-122.38403118885564
315,315,37.73086372709166,-122.38034238487336
316,316,37.73086372709166,-122.37665358089104
317,317,37.73086372709166,-122.37296477690872
318,318,37.73086372709165,-122.36927597292642
319,319,37.73086372709166,-122.3655871689441
320,320,37.73391378947927,-122.50945052425416
321,321,37.73391378947927,-122.50576172027189
322,322,37.73391378947927,-122.50207291628955
323,323,37.73391378947927,-122.49838411230728
324,324,37.73391378947927,-122.49469530832494
325,325,37.73391378947927,-122.49100650434265
326,326,37.73391378947927,-122.48731770036032
327,327,37.73391378947927,-122.483628896378
328,328,37.73391378947927,-122.47994009239572
329,329,37.73391378947927,-122.47625128841338
330,330,37.73391378947927,-122.47256248443108
331,331,37.73391378947927,-122.46887368044878
332,332,37.73391378947927,-122.46518487646648
333,333,37.73391378947927,-122.46149607248417
334,334,37.73391378947927,-122.45780726850184
335,335,37.73391378947927,-122.45411846451955
336,336,37.73391378947927,-122.45042966053724
337,337,37.73391378947927,-122.44674085655494
338,338,37.73391378947927,-122.44305205257261
339,339,37.73391378947927,-122.43936324859033
340,340,37.73391378947927,-122.435674444608
341,341,37.73391378947927,-122.43198564062567
342,342,37.73391378947927,-122.42829683664338
343,343,37.73391378947927,-122.42460803266104
344,344,37.73391378947927,-122.42091922867873
345,345,37.73391378947927,-122.41723042469644
346,346,37.73391378947927,-122.41354162071416
347,347,37.73391378947927,-122.40985281673181
348,348,37.73391378947927,-122.4061640127495
349,349,37.73391378947927,-122.4024752087672
350,350,37.73391378947927,-122.39878640478487
351,351,37.73391378947927,-122.39509760080259
352,352,37.73391378947927,-122.39140879682026
353,353,37.73391378947927,-122.38771999283796
354,354,37.73391378947927,-122.38403118885564
355,355,37.73391378947927,-122.38034238487336
356,356,37.73391378947927,-122.37665358089104
357,357,37.73391378947927,-122.37296477690872
358,358,37.73391378947927,-122.36927597292642
359,359,37.73391378947927,-122.3655871689441
360,360,37.73696385186686,-122.50945052425416
361,361,37.73696385186686,-122.50576172027189
362,362,37.73696385186686,-122.50207291628958
363,363,37.73696385186686,-122.49838411230726
364,364,37.73696385186686,-122.49469530832495
365,365,37.73696385186686,-122.49100650434261
366,366,37.73696385186686,-122.48731770036034
367,367,37.73696385186686,-122.48362889637801
368,368,37.73696385186686,-122.4799400923957
369,369,37.73696385186686,-122.47625128841341
370,370,37.73696385186686,-122.47256248443108
371,371,37.73696385186686,-122.4688736804488
372,372,37.73696385186686,-122.46518487646651
373,373,37.73696385186686,-122.46149607248415
374,374,37.73696385186686,-122.45780726850184
375,375,37.73696385186686,-122.45411846451952
376,376,37.73696385186686,-122.45042966053724
377,377,37.73696385186686,-122.44674085655492
378,378,37.73696385186686,-122.44305205257263
379,379,37.73696385186686,-122.43936324859033
380,380,37.73696385186686,-122.43567444460798
381,381,37.73696385186686,-122.4319856406257
382,382,37.73696385186686,-122.42829683664336
383,383,37.73696385186686,-122.42460803266106
384,384,37.73696385186686,-122.42091922867874
385,385,37.73696385186686,-122.41723042469646
386,386,37.73696385186686,-122.41354162071414
387,387,37.73696385186686,-122.40985281673183
388,388,37.73696385186686,-122.4061640127495
389,389,37.73696385186686,-122.40247520876723
390,390,37.73696385186686,-122.39878640478487
391,391,37.73696385186686,-122.39509760080259
392,392,37.73696385186686,-122.39140879682029
393,393,37.73696385186686,-122.38771999283797
394,394,37.73696385186686,-122.38403118885566
395,395,37.73696385186686,-122.38034238487336
396,396,37.73696385186686,-122.37665358089104
397,397,37.73696385186686,-122.37296477690872
398,398,37.73696385186686,-122.36927597292643
399,399,37.73696385186686,-122.36558716894412
400,400,37.740013914254455,-122.50945052425416
401,401,37.74001391425446,-122.50576172027189
402,402,37.740013914254455,-122.50207291628955
403,403,37.740013914254455,-122.49838411230728
404,404,37.740013914254455,-122.49469530832494
405,405,37.74001391425446,-122.49100650434265
406,406,37.740013914254455,-122.48731770036032
407,407,37.740013914254455,-122.483628896378
408,408,37.74001391425446,-122.47994009239572
409,409,37.740013914254455,-122.47625128841338
410,410,37.740013914254455,-122.47256248443108
411,411,37.74001391425446,-122.46887368044878
412,412,37.740013914254455,-122.46518487646648
413,413,37.740013914254455,-122.46149607248417
414,414,37.74001391425446,-122.45780726850184
415,415,37.740013914254455,-122.45411846451955
416,416,37.740013914254455,-122.45042966053724
417,417,37.740013914254455,-122.44674085655494
418,418,37.74001391425446,-122.44305205257261
419,419,37.740013914254455,-122.43936324859033
420,420,37.740013914254455,-122.435674444608
421,421,37.74001391425446,-122.43198564062567
422,422,37.740013914254455,-122.42829683664338
423,423,37.740013914254455,-122.42460803266104
424,424,37.740013914254455,-122.42091922867873
425,425,37.74001391425446,-122.41723042469644
426,426,37.740013914254455,-122.41354162071416
427,427,37.740013914254455,-122.40985281673181
428,428,37.74001391425446,-122.4061640127495
429,429,37.740013914254455,-122.4024752087672
430,430,37.740013914254455,-122.39878640478487
431,431,37.74001391425446,-122.39509760080259
432,432,37.740013914254455,-122.39140879682026
433,433,37.740013914254455,-122.38771999283796
434,434,37.74001391425446,-122.38403118885564
435,435,37.740013914254455,-122.38034238487336
436,436,37.740013914254455,-122.37665358089104
437,437,37.740013914254455,-122.37296477690872
438,438,37.74001391425446,-122.36927597292642
439,439,37.740013914254455,-122.3655871689441
440,440,37.74306397664206,-122.50945052425416
441,441,37.743063976642055,-122.50576172027189
442,442,37.74306397664206,-122.50207291628955
443,443,37.74306397664206,-122.49838411230728
444,444,37.74306397664206,-122.49469530832494
445,445,37.743063976642055,-122.49100650434265
446,446,37.74306397664206,-122.48731770036032
447,447,37.74306397664206,-122.483628896378
448,448,37.743063976642055,-122.47994009239572
449,449,37.74306397664206,-122.47625128841338
450,450,37.74306397664206,-122.47256248443108
451,451,37.743063976642055,-122.46887368044878
452,452,37.74306397664206,-122.46518487646648
453,453,37.74306397664206,-122.46149607248417
454,454,37.743063976642055,-122.45780726850184
455,455,37.74306397664206,-122.45411846451955
456,456,37.74306397664206,-122.45042966053724
457,457,37.74306397664206,-122.44674085655494
458,458,37.743063976642055,-122.44305205257261
459,459,37.74306397664206,-122.43936324859033
460,460,37.74306397664206,-122.435674444608
461,461,37.743063976642055,-122.43198564062567
462,462,37.74306397664206,-122.42829683664338
463,463,37.74306397664206,-122.42460803266104
464,464,37.74306397664206,-122.42091922867873
465,465,37.743063976642055,-122.41723042469644
466,466,37.74306397664206,-122.41354162071416
467,467,37.74306397664206,-122.40985281673181
468,468,37.743063976642055,-122.4061640127495
469,469,37.74306397664206,-122.4024752087672
470,470,37.74306397664206,-122.39878640478487
471,471,37.743063976642055,-122.39509760080259
472,472,37.74306397664206,-122.39140879682026
473,473,37.74306397664206,-122.38771999283796
474,474,37.743063976642055,-122.38403118885564
475,475,37.74306397664206,-122.38034238487336
476,476,37.74306397664206,-122.37665358089104
477,477,37.74306397664206,-122.37296477690872
478,478,37.743063976642055,-122.36927597292642
479,479,37.74306397664206,-122.3655871689441
480,480,37.746114039029656,-122.50945052425416
481,481,37.74611403902965,-122.50576172027189
482,482,37.746114039029656,-122.50207291628955
483,483,37.746114039029656,-122.49838411230728
484,484,37.746114039029656,-122.49469530832494
485,485,37.74611403902965,-122.49100650434265
486,486,37.746114039029656,-122.48731770036032
487,487,37.746114039029656,-122.483628896378
488,488,37.74611403902965,-122.47994009239572
489,489,37.746114039029656,-122.47625128841338
490,490,37.746114039029656,-122.47256248443108
491,491,37.74611403902965,-122.46887368044878
492,492,37.746114039029656,-122.46518487646648
493,493,37.746114039029656,-122.46149607248417
494,494,37.74611403902965,-122.45780726850184
495,495,37.746114039029656,-122.45411846451955
496,496,37.746114039029656,-122.45042966053724
497,497,37.746114039029656,-122.44674085655494
498,498,37.74611403902965,-122.44305205257261
499,499,37.746114039029656,-122.43936324859033
500,500,37.746114039029656,-122.435674444608
501,501,37.74611403902965,-122.43198564062567
502,502,37.746114039029656,-122.42829683664338
503,503,37.746114039029656,-122.42460803266104
504,504,37.746114039029656,-122.42091922867873
505,505,37.74611403902965,-122.41723042469644
506,506,37.746114039029656,-122.41354162071416
507,507,37.746114039029656,-122.40985281673181
508,508,37.74611403902965,-122.4061640127495
509,509,37.746114039029656,-122.4024752087672
510,510,37.746114039029656,-122.39878640478487
511,511,37.74611403902965,-122.39509760080259
512,512,37.746114039029656,-122.39140879682026
513,513,37.746114039029656,-122.38771999283796
514,514,37.74611403902965,-122.38403118885564
515,515,37.746114039029656,-122.38034238487336
516,516,37.746114039029656,-122.37665358089104
517,517,37.746114039029656,-122.37296477690872
518,518,37.74611403902965,-122.36927597292642
519,519,37.746114039029656,-122.3655871689441
520,520,37.74916410141726,-122.50945052425416
521,521,37.74916410141726,-122.50576172027189
522,522,37.74916410141726,-122.50207291628955
523,523,37.74916410141726,-122.49838411230728
524,524,37.74916410141726,-122.49469530832494
525,525,37.74916410141726,-122.49100650434265
526,526,37.74916410141726,-122.48731770036032
527,527,37.74916410141726,-122.483628896378
528,528,37.74916410141726,-122.47994009239572
529,529,37.74916410141726,-122.47625128841338
530,530,37.74916410141726,-122.47256248443108
531,531,37.74916410141726,-122.46887368044878
532,532,37.74916410141726,-122.46518487646648
533,533,37.74916410141726,-122.46149607248417
534,534,37.74916410141726,-122.45780726850184
535,535,37.74916410141726,-122.45411846451955
536,536,37.74916410141726,-122.45042966053724
537,537,37.74916410141726,-122.44674085655494
538,538,37.74916410141726,-122.44305205257261
539,539,37.74916410141726,-122.43936324859033
540,540,37.74916410141726,-122.435674444608
541,541,37.74916410141726,-122.43198564062567
542,542,37.74916410141726,-122.42829683664338
543,543,37.74916410141726,-122.42460803266104
544,544,37.74916410141726,-122.42091922867873
545,545,37.74916410141726,-122.41723042469644
546,546,37.74916410141726,-122.41354162071416
547,547,37.74916410141726,-122.40985281673181
548,548,37.74916410141726,-122.4061640127495
549,549,37.74916410141726,-122.4024752087672
550,550,37.74916410141726,-122.39878640478487
551,551,37.74916410141726,-122.39509760080259
552,552,37.74916410141726,-122.39140879682026
553,553,37.74916410141726,-122.38771999283796
554,554,37.74916410141726,-122.38403118885564
555,555,37.74916410141726,-122.38034238487336
556,556,37.74916410141726,-122.37665358089104
557,557,37.74916410141726,-122.37296477690872
558,558,37.74916410141726,-122.36927597292642
559,559,37.74916410141726,-122.3655871689441
560,560,37.75221416380485,-122.50945052425416
561,561,37.75221416380485,-122.50576172027189
562,562,37.75221416380485,-122.50207291628958
563,563,37.75221416380485,-122.49838411230726
564,564,37.75221416380485,-122.49469530832495
565,565,37.75221416380485,-122.49100650434261
566,566,37.75221416380485,-122.48731770036034
567,567,37.75221416380485,-122.48362889637801
568,568,37.75221416380485,-122.4799400923957
569,569,37.75221416380485,-122.47625128841341
570,570,37.75221416380485,-122.47256248443108
571,571,37.75221416380485,-122.4688736804488
572,572,37.75221416380485,-122.46518487646651
573,573,37.75221416380485,-122.46149607248415
574,574,37.75221416380485,-122.45780726850184
575,575,37.75221416380485,-122.45411846451952
576,576,37.75221416380485,-122.45042966053724
577,577,37.75221416380485,-122.44674085655492
578,578,37.75221416380485,-122.44305205257263
579,579,37.75221416380485,-122.43936324859033
580,580,37.75221416380485,-122.43567444460798
581,581,37.75221416380485,-122.4319856406257
582,582,37.75221416380485,-122.42829683664336
583,583,37.75221416380485,-122.42460803266106
584,584,37.75221416380485,-122.42091922867874
585,585,37.75221416380485,-122.41723042469646
586,586,37.75221416380485,-122.41354162071414
587,587,37.75221416380485,-122.40985281673183
588,588,37.75221416380485,-122.4061640127495
589,589,37.75221416380485,-122.40247520876723
590,590,37.75221416380485,-122.39878640478487
591,591,37.75221416380485,-122.39509760080259
592,592,37.75221416380485,-122.39140879682029
593,593,37.75221416380485,-122.38771999283797
594,594,37.75221416380485,-122.38403118885566
595,595,37.75221416380485,-122.38034238487336
596,596,37.75221416380485,-122.37665358089104
597,597,37.75221416380485,-122.37296477690872
598,598,37.75221416380485,-122.36927597292643
599,599,37.75221416380485,-122.36558716894412
600,600,37.75526422619245,-122.50945052425416
601,601,37.75526422619245,-122.50576172027189
602,602,37.75526422619245,-122.50207291628955
603,603,37.75526422619245,-122.49838411230728
604,604,37.75526422619245,-122.49469530832494
605,605,37.75526422619245,-122.49100650434265
606,606,37.75526422619245,-122.48731770036032
607,607,37.75526422619245,-122.483628896378
608,608,37.75526422619245,-122.47994009239572
609,609,37.75526422619245,-122.47625128841338
610,610,37.75526422619245,-122.47256248443108
611,611,37.75526422619245,-122.46887368044878
612,612,37.75526422619245,-122.46518487646648
613,613,37.75526422619245,-122.46149607248417
614,614,37.75526422619245,-122.45780726850184
615,615,37.75526422619245,-122.45411846451955
616,616,37.75526422619245,-122.45042966053724
617,617,37.75526422619245,-122.44674085655494
618,618,37.75526422619245,-122.44305205257261
619,619,37.75526422619245,-122.43936324859033
620,620,37.75526422619245,-122.435674444608
621,621,37.75526422619245,-122.43198564062567
622,622,37.75526422619245,-122.42829683664338
623,623,37.75526422619245,-122.42460803266104
624,624,37.75526422619245,-122.42091922867873
625,625,37.75526422619245,-122.41723042469644
626,626,37.75526422619245,-122.41354162071416
627,627,37.75526422619245,-122.40985281673181
628,628,37.75526422619245,-122.4061640127495
629,629,37.75526422619245,-122.4024752087672
630,630,37.75526422619245,-122.39878640478487
631,631,37.75526422619245,-122.39509760080259
632,632,37.75526422619245,-122.39140879682026
633,633,37.75526422619245,-122.38771999283796
634,634,37.75526422619245,-122.38403118885564
635,635,37.75526422619245,-122.38034238487336
636,636,37.75526422619245,-122.37665358089104
637,637,37.75526422619245,-122.37296477690872
638,638,37.75526422619245,-122.36927597292642
639,639,37.75526422619245,-122.3655871689441
640,640,37.75831428858005,-122.50945052425416
641,641,37.75831428858005,-122.50576172027189
642,642,37.75831428858005,-122.50207291628955
643,643,37.75831428858005,-122.49838411230728
644,644,37.75831428858005,-122.49469530832494
645,645,37.75831428858005,-122.49100650434265
646,646,37.75831428858005,-122.48731770036032
647,647,37.75831428858005,-122.483628896378
648,648,37.75831428858005,-122.47994009239572
649,649,37.75831428858005,-122.47625128841338
650,650,37.75831428858005,-122.47256248443108
651,651,37.75831428858005,-122.46887368044878
652,652,37.75831428858005,-122.46518487646648
653,653,37.75831428858005,-122.46149607248417
654,654,37.75831428858005,-122.45780726850184
655,655,37.75831428858005,-122.45411846451955
656,656,37.75831428858005,-122.45042966053724
657,657,37.75831428858005,-122.44674085655494
658,658,37.75831428858005,-122.44305205257261
659,659,37.75831428858005,-122.43936324859033
660,660,37.75831428858005,-122.435674444608
661,661,37.75831428858005,-122.43198564062567
662,662,37.75831428858005,-122.42829683664338
663,663,37.75831428858005,-122.42460803266104
664,664,37.75831428858005,-122.42091922867873
665,665,37.75831428858005,-122.41723042469644
666,666,37.75831428858005,-122.41354162071416
667,667,37.75831428858005,-122.40985281673181
668,668,37.75831428858005,-122.4061640127495
669,669,37.75831428858005,-122.4024752087672
670,670,37.75831428858005,-122.39878640478487
671,671,37.75831428858005,-122.39509760080259
672,672,37.75831428858005,-122.39140879682026
673,673,37.75831428858005,-122.38771999283796
674,674,37.75831428858005,-122.38403118885564
675,675,37.75831428858005,-122.38034238487336
676,676,37.75831428858005,-122.37665358089104
677,677,37.75831428858005,-122.37296477690872
678,678,37.75831428858005,-122.36927597292642
679,679,37.75831428858005,-122.3655871689441
680,680,37.761364350967646,-122.50945052425416
681,681,37.761364350967646,-122.50576172027189
682,682,37.761364350967646,-122.50207291628958
683,683,37.761364350967646,-122.49838411230726
684,684,37.761364350967646,-122.49469530832495
685,685,37.761364350967646,-122.49100650434261
686,686,37.761364350967646,-122.48731770036034
687,687,37.761364350967646,-122.48362889637801
688,688,37.761364350967646,-122.4799400923957
689,689,37.761364350967646,-122.47625128841341
690,690,37.761364350967646,-122.47256248443108
691,691,37.761364350967646,-122.4688736804488
692,692,37.761364350967646,-122.46518487646651
693,693,37.761364350967646,-122.46149607248415
694,694,37.761364350967646,-122.45780726850184
695,695,37.761364350967646,-122.45411846451952
696,696,37.761364350967646,-122.45042966053724
697,697,37.761364350967646,-122.44674085655492
698,698,37.761364350967646,-122.44305205257263
699,699,37.761364350967646,-122.43936324859033
700,700,37.761364350967646,-122.43567444460798
701,701,37.761364350967646,-122.4319856406257
702,702,37.761364350967646,-122.42829683664336
703,703,37.761364350967646,-122.42460803266106
704,704,37.761364350967646,-122.42091922867874
705,705,37.761364350967646,-122.41723042469646
706,706,37.761364350967646,-122.41354162071414
707,707,37.761364350967646,-122.40985281673183
708,708,37.761364350967646,-122.4061640127495
709,709,37.761364350967646,-122.40247520876723
710,710,37.761364350967646,-122.39878640478487
711,711,37.761364350967646,-122.39509760080259
712,712,37.761364350967646,-122.39140879682029
713,713,37.761364350967646,-122.38771999283797
714,714,37.761364350967646,-122.38403118885566
715,715,37.761364350967646,-122.38034238487336
716,716,37.761364350967646,-122.37665358089104
717,717,37.761364350967646,-122.37296477690872
718,718,37.761364350967646,-122.36927597292643
719,719,37.761364350967646,-122.36558716894412
720,720,37.76441441335525,-122.50945052425416
721,721,37.76441441335525,-122.50576172027189
722,722,37.76441441335525,-122.50207291628955
723,723,37.76441441335525,-122.49838411230728
724,724,37.76441441335525,-122.49469530832494
725,725,37.76441441335525,-122.49100650434265
726,726,37.76441441335525,-122.48731770036032
727,727,37.76441441335525,-122.483628896378
728,728,37.76441441335525,-122.47994009239572
729,729,37.76441441335525,-122.47625128841338
730,730,37.76441441335525,-122.47256248443108
731,731,37.76441441335525,-122.46887368044878
732,732,37.76441441335525,-122.46518487646648
733,733,37.76441441335525,-122.46149607248417
734,734,37.76441441335525,-122.45780726850184
735,735,37.76441441335525,-122.45411846451955
736,736,37.76441441335525,-122.45042966053724
737,737,37.76441441335525,-122.44674085655494
738,738,37.76441441335525,-122.44305205257261
739,739,37.76441441335525,-122.43936324859033
740,740,37.76441441335525,-122.435674444608
741,741,37.76441441335525,-122.43198564062567
742,742,37.76441441335525,-122.42829683664338
743,743,37.76441441335525,-122.42460803266104
744,744,37.76441441335525,-122.42091922867873
745,745,37.76441441335525,-122.41723042469644
746,746,37.76441441335525,-122.41354162071416
747,747,37.76441441335525,-122.40985281673181
748,748,37.76441441335525,-122.4061640127495
749,749,37.76441441335525,-122.4024752087672
750,750,37.76441441335525,-122.39878640478487
751,751,37.76441441335525,-122.39509760080259
752,752,37.76441441335525,-122.39140879682026
753,753,37.76441441335525,-122.38771999283796
754,754,37.76441441335525,-122.38403118885564
755,755,37.76441441335525,-122.38034238487336
756,756,37.76441441335525,-122.37665358089104
757,757,37.76441441335525,-122.37296477690872
758,758,37.76441441335525,-122.36927597292642
759,759,37.76441441335525,-122.3655871689441
760,760,37.76746447574285,-122.50945052425416
761,761,37.76746447574285,-122.50576172027189
762,762,37.76746447574285,-122.50207291628955
763,763,37.76746447574285,-122.49838411230728
764,764,37.76746447574285,-122.49469530832494
765,765,37.76746447574285,-122.49100650434265
766,766,37.76746447574285,-122.48731770036032
767,767,37.76746447574285,-122.483628896378
768,768,37.76746447574285,-122.47994009239572
769,769,37.76746447574285,-122.47625128841338
770,770,37.76746447574285,-122.47256248443108
771,771,37.76746447574285,-122.46887368044878
772,772,37.76746447574285,-122.46518487646648
773,773,37.76746447574285,-122.46149607248417
774,774,37.76746447574285,-122.45780726850184
775,775,37.76746447574285,-122.45411846451955
776,776,37.76746447574285,-122.45042966053724
777,777,37.76746447574285,-122.44674085655494
778,778,37.76746447574285,-122.44305205257261
779,779,37.76746447574285,-122.43936324859033
780,780,37.76746447574285,-122.435674444608
781,781,37.76746447574285,-122.43198564062567
782,782,37.76746447574285,-122.42829683664338
783,783,37.76746447574285,-122.42460803266104
784,784,37.76746447574285,-122.42091922867873
785,785,37.76746447574285,-122.41723042469644
786,786,37.76746447574285,-122.41354162071416
787,787,37.76746447574285,-122.40985281673181
788,788,37.76746447574285,-122.4061640127495
789,789,37.76746447574285,-122.4024752087672
790,790,37.76746447574285,-122.39878640478487
791,791,37.76746447574285,-122.39509760080259
792,792,37.76746447574285,-122.39140879682026
793,793,37.76746447574285,-122.38771999283796
794,794,37.76746447574285,-122.38403118885564
795,795,37.76746447574285,-122.38034238487336
796,796,37.76746447574285,-122.37665358089104
797,797,37.76746447574285,-122.37296477690872
798,798,37.76746447574285,-122.36927597292642
799,799,37.76746447574285,-122.3655871689441
800,800,37.77051453813045,-122.50945052425416
801,801,37.77051453813045,-122.50576172027189
802,802,37.77051453813045,-122.50207291628955
803,803,37.77051453813045,-122.49838411230728
804,804,37.77051453813045,-122.49469530832494
805,805,37.77051453813045,-122.49100650434265
806,806,37.77051453813045,-122.48731770036032
807,807,37.77051453813045,-122.483628896378
808,808,37.77051453813045,-122.47994009239572
809,809,37.77051453813045,-122.47625128841338
810,810,37.77051453813045,-122.47256248443108
811,811,37.77051453813045,-122.46887368044878
812,812,37.77051453813045,-122.46518487646648
813,813,37.77051453813045,-122.46149607248417
814,814,37.77051453813045,-122.45780726850184
815,815,37.77051453813045,-122.45411846451955
816,816,37.77051453813045,-122.45042966053724
817,817,37.77051453813045,-122.44674085655494
818,818,37.77051453813045,-122.44305205257261
819,819,37.77051453813045,-122.43936324859033
820,820,37.77051453813045,-122.435674444608
821,821,37.77051453813045,-122.43198564062567
822,822,37.77051453813045,-122.42829683664338
823,823,37.77051453813045,-122.42460803266104
824,824,37.77051453813045,-122.42091922867873
825,825,37.77051453813045,-122.41723042469644
826,826,37.77051453813045,-122.41354162071416
827,827,37.77051453813045,-122.40985281673181
828,828,37.77051453813045,-122.4061640127495
829,829,37.77051453813045,-122.4024752087672
830,830,37.77051453813045,-122.39878640478487
831,831,37.77051453813045,-122.39509760080259
832,832,37.77051453813045,-122.39140879682026
833,833,37.77051453813045,-122.38771999283796
834,834,37.77051453813045,-122.38403118885564
835,835,37.77051453813045,-122.38034238487336
836,836,37.77051453813045,-122.37665358089104
837,837,37.77051453813045,-122.37296477690872
838,838,37.77051453813045,-122.36927597292642
839,839,37.77051453813045,-122.3655871689441
840,840,37.77356460051805,-122.50945052425416
841,841,37.77356460051806,-122.50576172027189
842,842,37.77356460051805,-122.50207291628955
843,843,37.77356460051805,-122.49838411230728
844,844,37.77356460051805,-122.49469530832494
845,845,37.77356460051806,-122.49100650434265
846,846,37.77356460051805,-122.48731770036032
847,847,37.77356460051805,-122.483628896378
848,848,37.77356460051806,-122.47994009239572
849,849,37.77356460051805,-122.47625128841338
850,850,37.77356460051805,-122.47256248443108
851,851,37.77356460051806,-122.46887368044878
852,852,37.77356460051805,-122.46518487646648
853,853,37.77356460051805,-122.46149607248417
854,854,37.77356460051806,-122.45780726850184
855,855,37.77356460051805,-122.45411846451955
856,856,37.77356460051805,-122.45042966053724
857,857,37.77356460051805,-122.44674085655494
858,858,37.77356460051806,-122.44305205257261
859,859,37.77356460051805,-122.43936324859033
860,860,37.77356460051805,-122.435674444608
861,861,37.77356460051806,-122.43198564062567
862,862,37.77356460051805,-122.42829683664338
863,863,37.77356460051805,-122.42460803266104
864,864,37.77356460051805,-122.42091922867873
865,865,37.77356460051806,-122.41723042469644
866,866,37.77356460051805,-122.41354162071416
867,867,37.77356460051805,-122.40985281673181
868,868,37.77356460051806,-122.4061640127495
869,869,37.77356460051805,-122.4024752087672
870,870,37.77356460051805,-122.39878640478487
871,871,37.77356460051806,-122.39509760080259
872,872,37.77356460051805,-122.39140879682026
873,873,37.77356460051805,-122.38771999283796
874,874,37.77356460051806,-122.38403118885564
875,875,37.77356460051805,-122.38034238487336
876,876,37.77356460051805,-122.37665358089104
877,877,37.77356460051805,-122.37296477690872
878,878,37.77356460051806,-122.36927597292642
879,879,37.77356460051805,-122.3655871689441
880,880,37.77661466290565,-122.50945052425416
881,881,37.776614662905644,-122.50576172027189
882,882,37.77661466290565,-122.50207291628958
883,883,37.77661466290565,-122.49838411230726
884,884,37.77661466290565,-122.49469530832495
885,885,37.776614662905644,-122.49100650434261
886,886,37.77661466290565,-122.48731770036034
887,887,37.77661466290565,-122.48362889637801
888,888,37.776614662905644,-122.4799400923957
889,889,37.77661466290565,-122.47625128841341
890,890,37.77661466290565,-122.47256248443108
891,891,37.776614662905644,-122.4688736804488
892,892,37.77661466290565,-122.46518487646651
893,893,37.77661466290565,-122.46149607248415
894,894,37.776614662905644,-122.45780726850184
895,895,37.77661466290565,-122.45411846451952
896,896,37.77661466290565,-122.45042966053724
897,897,37.77661466290565,-122.44674085655492
898,898,37.776614662905644,-122.44305205257263
899,899,37.77661466290565,-122.43936324859033
900,900,37.77661466290565,-122.43567444460798
901,901,37.776614662905644,-122.4319856406257
902,902,37.77661466290565,-122.42829683664336
903,903,37.77661466290565,-122.42460803266106
904,904,37.77661466290565,-122.42091922867874
905,905,37.776614662905644,-122.41723042469646
906,906,37.77661466290565,-122.41354162071414
907,907,37.77661466290565,-122.40985281673183
908,908,37.776614662905644,-122.4061640127495
909,909,37.77661466290565,-122.40247520876723
910,910,37.77661466290565,-122.39878640478487
911,911,37.776614662905644,-122.39509760080259
912,912,37.77661466290565,-122.39140879682029
913,913,37.77661466290565,-122.38771999283797
914,914,37.776614662905644,-122.38403118885566
915,915,37.77661466290565,-122.38034238487336
916,916,37.77661466290565,-122.37665358089104
917,917,37.77661466290565,-122.37296477690872
918,918,37.776614662905644,-122.36927597292643
919,919,37.77661466290565,-122.36558716894412
920,920,37.779664725293244,-122.50945052425416
921,921,37.779664725293244,-122.50576172027189
922,922,37.779664725293244,-122.50207291628955
923,923,37.779664725293244,-122.49838411230728
924,924,37.779664725293244,-122.49469530832494
925,925,37.779664725293244,-122.49100650434265
926,926,37.779664725293244,-122.48731770036032
927,927,37.779664725293244,-122.483628896378
928,928,37.779664725293244,-122.47994009239572
929,929,37.779664725293244,-122.47625128841338
930,930,37.779664725293244,-122.47256248443108
931,931,37.779664725293244,-122.46887368044878
932,932,37.779664725293244,-122.46518487646648
933,933,37.779664725293244,-122.46149607248417
934,934,37.779664725293244,-122.45780726850184
935,935,37.779664725293244,-122.45411846451955
936,936,37.779664725293244,-122.45042966053724
937,937,37.779664725293244,-122.44674085655494
938,938,37.779664725293244,-122.44305205257261
939,939,37.779664725293244,-122.43936324859033
940,940,37.779664725293244,-122.435674444608
941,941,37.779664725293244,-122.43198564062567
942,942,37.779664725293244,-122.42829683664338
943,943,37.779664725293244,-122.42460803266104
944,944,37.779664725293244,-122.42091922867873
945,945,37.779664725293244,-122.41723042469644
946,946,37.779664725293244,-122.41354162071416
947,947,37.779664725293244,-122.40985281673181
948,948,37.779664725293244,-122.4061640127495
949,949,37.779664725293244,-122.4024752087672
950,950,37.779664725293244,-122.39878640478487
951,951,37.779664725293244,-122.39509760080259
952,952,37.779664725293244,-122.39140879682026
953,953,37.779664725293244,-122.38771999283796
954,954,37.779664725293244,-122.38403118885564
955,955,37.779664725293244,-122.38034238487336
956,956,37.779664725293244,-122.37665358089104
957,957,37.779664725293244,-122.37296477690872
958,958,37.779664725293244,-122.36927597292642
959,959,37.779664725293244,-122.3655871689441
960,960,37.78271478768085,-122.50945052425416
961,961,37.782714787680845,-122.50576172027189
962,962,37.78271478768085,-122.50207291628955
963,963,37.78271478768085,-122.49838411230728
964,964,37.78271478768085,-122.49469530832494
965,965,37.782714787680845,-122.49100650434265
966,966,37.78271478768085,-122.48731770036032
967,967,37.78271478768085,-122.483628896378
968,968,37.782714787680845,-122.47994009239572
969,969,37.78271478768085,-122.47625128841338
970,970,37.78271478768085,-122.47256248443108
971,971,37.782714787680845,-122.46887368044878
972,972,37.78271478768085,-122.46518487646648
973,973,37.78271478768085,-122.46149607248417
974,974,37.782714787680845,-122.45780726850184
975,975,37.78271478768085,-122.45411846451955
976,976,37.78271478768085,-122.45042966053724
977,977,37.78271478768085,-122.44674085655494
978,978,37.782714787680845,-122.44305205257261
979,979,37.78271478768085,-122.43936324859033
980,980,37.78271478768085,-122.435674444608
981,981,37.782714787680845,-122.43198564062567
982,982,37.78271478768085,-122.42829683664338
983,983,37.78271478768085,-122.42460803266104
984,984,37.78271478768085,-122.42091922867873
985,985,37.782714787680845,-122.41723042469644
986,986,37.78271478768085,-122.41354162071416
987,987,37.78271478768085,-122.40985281673181
988,988,37.782714787680845,-122.4061640127495
989,989,37.78271478768085,-122.4024752087672
990,990,37.78271478768085,-122.39878640478487
991,991,37.782714787680845,-122.39509760080259
992,992,37.78271478768085,-122.39140879682026
993,993,37.78271478768085,-122.38771999283796
994,994,37.782714787680845,-122.38403118885564
995,995,37.78271478768085,-122.38034238487336
996,996,37.78271478768085,-122.37665358089104
997,997,37.78271478768085,-122.37296477690872
998,998,37.782714787680845,-122.36927597292642
999,999,37.78271478768085,-122.3655871689441
1000,1000,37.785764850068446,-122.50945052425416
1001,1001,37.785764850068446,-122.50576172027189
1002,1002,37.785764850068446,-122.50207291628958
1003,1003,37.785764850068446,-122.49838411230726
1004,1004,37.785764850068446,-122.49469530832495
1005,1005,37.785764850068446,-122.49100650434261
1006,1006,37.785764850068446,-122.48731770036034
1007,1007,37.785764850068446,-122.48362889637801
1008,1008,37.785764850068446,-122.4799400923957
1009,1009,37.785764850068446,-122.47625128841341
1010,1010,37.785764850068446,-122.47256248443108
1011,1011,37.785764850068446,-122.4688736804488
1012,1012,37.785764850068446,-122.46518487646651
1013,1013,37.785764850068446,-122.46149607248415
1014,1014,37.785764850068446,-122.45780726850184
1015,1015,37.785764850068446,-122.45411846451952
1016,1016,37.785764850068446,-122.45042966053724
1017,1017,37.785764850068446,-122.44674085655492
1018,1018,37.785764850068446,-122.44305205257263
1019,1019,37.785764850068446,-122.43936324859033
1020,1020,37.785764850068446,-122.43567444460798
1021,1021,37.785764850068446,-122.4319856406257
1022,1022,37.785764850068446,-122.42829683664336
1023,1023,37.785764850068446,-122.42460803266106
1024,1024,37.785764850068446,-122.42091922867874
1025,1025,37.785764850068446,-122.41723042469646
1026,1026,37.785764850068446,-122.41354162071414
1027,1027,37.785764850068446,-122.40985281673183
1028,1028,37.785764850068446,-122.4061640127495
1029,1029,37.785764850068446,-122.40247520876723
1030,1030,37.785764850068446,-122.39878640478487
1031,1031,37.785764850068446,-122.39509760080259
1032,1032,37.785764850068446,-122.39140879682029
1033,1033,37.785764850068446,-122.38771999283797
1034,1034,37.785764850068446,-122.38403118885566
1035,1035,37.785764850068446,-122.38034238487336
1036,1036,37.785764850068446,-122.37665358089104
1037,1037,37.785764850068446,-122.37296477690872
1038,1038,37.785764850068446,-122.36927597292643
1039,1039,37.785764850068446,-122.36558716894412
1040,1040,37.78881491245604,-122.50945052425416
1041,1041,37.78881491245604,-122.50576172027189
1042,1042,37.78881491245604,-122.50207291628955
1043,1043,37.78881491245604,-122.49838411230728
1044,1044,37.78881491245604,-122.49469530832494
1045,1045,37.78881491245604,-122.49100650434265
1046,1046,37.78881491245604,-122.48731770036032
1047,1047,37.78881491245604,-122.483628896378
1048,1048,37.78881491245604,-122.47994009239572
1049,1049,37.78881491245604,-122.47625128841338
1050,1050,37.78881491245604,-122.47256248443108
1051,1051,37.78881491245604,-122.46887368044878
1052,1052,37.78881491245604,-122.46518487646648
1053,1053,37.78881491245604,-122.46149607248417
1054,1054,37.78881491245604,-122.45780726850184
1055,1055,37.78881491245604,-122.45411846451955
1056,1056,37.78881491245604,-122.45042966053724
1057,1057,37.78881491245604,-122.44674085655494
1058,1058,37.78881491245604,-122.44305205257261
1059,1059,37.78881491245604,-122.43936324859033
1060,1060,37.78881491245604,-122.435674444608
1061,1061,37.78881491245604,-122.43198564062567
1062,1062,37.78881491245604,-122.42829683664338
1063,1063,37.78881491245604,-122.42460803266104
1064,1064,37.78881491245604,-122.42091922867873
1065,1065,37.78881491245604,-122.41723042469644
1066,1066,37.78881491245604,-122.41354162071416
1067,1067,37.78881491245604,-122.40985281673181
1068,1068,37.78881491245604,-122.4061640127495
1069,1069,37.78881491245604,-122.4024752087672
1070,1070,37.78881491245604,-122.39878640478487
1071,1071,37.78881491245604,-122.39509760080259
1072,1072,37.78881491245604,-122.39140879682026
1073,1073,37.78881491245604,-122.38771999283796
1074,1074,37.78881491245604,-122.38403118885564
1075,1075,37.78881491245604,-122.38034238487336
1076,1076,37.78881491245604,-122.37665358089104
1077,1077,37.78881491245604,-122.37296477690872
1078,1078,37.78881491245604,-122.36927597292642
1079,1079,37.78881491245604,-122.3655871689441
1080,1080,37.79186497484364,-122.50945052425416
1081,1081,37.79186497484364,-122.50576172027189
1082,1082,37.79186497484364,-122.50207291628955
1083,1083,37.79186497484364,-122.49838411230728
1084,1084,37.79186497484364,-122.49469530832494
1085,1085,37.79186497484364,-122.49100650434265
1086,1086,37.79186497484364,-122.48731770036032
1087,1087,37.79186497484364,-122.483628896378
1088,1088,37.79186497484364,-122.47994009239572
1089,1089,37.79186497484364,-122.47625128841338
1090,1090,37.79186497484364,-122.47256248443108
1091,1091,37.79186497484364,-122.46887368044878
1092,1092,37.79186497484364,-122.46518487646648
1093,1093,37.79186497484364,-122.46149607248417
1094,1094,37.79186497484364,-122.45780726850184
1095,1095,37.79186497484364,-122.45411846451955
1096,1096,37.79186497484364,-122.45042966053724
1097,1097,37.79186497484364,-122.44674085655494
1098,1098,37.79186497484364,-122.44305205257261
1099,1099,37.79186497484364,-122.43936324859033
1100,1100,37.79186497484364,-122.435674444608
1101,1101,37.79186497484364,-122.43198564062567
1102,1102,37.79186497484364,-122.42829683664338
1103,1103,37.79186497484364,-122.42460803266104
1104,1104,37.79186497484364,-122.42091922867873
1105,1105,37.79186497484364,-122.41723042469644
1106,1106,37.79186497484364,-122.41354162071416
1107,1107,37.79186497484364,-122.40985281673181
1108,1108,37.79186497484364,-122.4061640127495
1109,1109,37.79186497484364,-122.4024752087672
1110,1110,37.79186497484364,-122.39878640478487
1111,1111,37.79186497484364,-122.39509760080259
1112,1112,37.79186497484364,-122.39140879682026
1113,1113,37.79186497484364,-122.38771999283796
1114,1114,37.79186497484364,-122.38403118885564
1115,1115,37.79186497484364,-122.38034238487336
1116,1116,37.79186497484364,-122.37665358089104
1117,1117,37.79186497484364,-122.37296477690872
1118,1118,37.79186497484364,-122.36927597292642
1119,1119,37.79186497484364,-122.3655871689441
1120,1120,37.79491503723124,-122.50945052425416
1121,1121,37.79491503723124,-122.50576172027189
1122,1122,37.79491503723124,-122.50207291628955
1123,1123,37.79491503723124,-122.49838411230728
1124,1124,37.79491503723124,-122.49469530832494
1125,1125,37.79491503723124,-122.49100650434265
1126,1126,37.79491503723124,-122.48731770036032
1127,1127,37.79491503723124,-122.483628896378
1128,1128,37.79491503723124,-122.47994009239572
1129,1129,37.79491503723124,-122.47625128841338
1130,1130,37.79491503723124,-122.47256248443108
1131,1131,37.79491503723124,-122.46887368044878
1132,1132,37.79491503723124,-122.46518487646648
1133,1133,37.79491503723124,-122.46149607248417
1134,1134,37.79491503723124,-122.45780726850184
1135,1135,37.79491503723124,-122.45411846451955
1136,1136,37.79491503723124,-122.45042966053724
1137,1137,37.79491503723124,-122.44674085655494
1138,1138,37.79491503723124,-122.44305205257261
1139,1139,37.79491503723124,-122.43936324859033
1140,1140,37.79491503723124,-122.435674444608
1141,1141,37.79491503723124,-122.43198564062567
1142,1142,37.79491503723124,-122.42829683664338
1143,1143,37.79491503723124,-122.42460803266104
1144,1144,37.79491503723124,-122.42091922867873
1145,1145,37.79491503723124,-122.41723042469644
1146,1146,37.79491503723124,-122.41354162071416
1147,1147,37.79491503723124,-122.40985281673181
1148,1148,37.79491503723124,-122.4061640127495
1149,1149,37.79491503723124,-122.4024752087672
1150,1150,37.79491503723124,-122.39878640478487
1151,1151,37.79491503723124,-122.39509760080259
1152,1152,37.79491503723124,-122.39140879682026
1153,1153,37.79491503723124,-122.38771999283796
1154,1154,37.79491503723124,-122.38403118885564
1155,1155,37.79491503723124,-122.38034238487336
1156,1156,37.79491503723124,-122.37665358089104
1157,1157,37.79491503723124,-122.37296477690872
1158,1158,37.79491503723124,-122.36927597292642
1159,1159,37.79491503723124,-122.3655871689441
1160,1160,37.79796509961884,-122.50945052425416
1161,1161,37.79796509961884,-122.50576172027189
1162,1162,37.79796509961884,-122.50207291628955
1163,1163,37.79796509961884,-122.49838411230728
1164,1164,37.79796509961884,-122.49469530832494
1165,1165,37.79796509961884,-122.49100650434265
1166,1166,37.79796509961884,-122.48731770036032
1167,1167,37.79796509961884,-122.483628896378
1168,1168,37.79796509961884,-122.47994009239572
1169,1169,37.79796509961884,-122.47625128841338
1170,1170,37.79796509961884,-122.47256248443108
1171,1171,37.79796509961884,-122.46887368044878
1172,1172,37.79796509961884,-122.46518487646648
1173,1173,37.79796509961884,-122.46149607248417
1174,1174,37.79796509961884,-122.45780726850184
1175,1175,37.79796509961884,-122.45411846451955
1176,1176,37.79796509961884,-122.45042966053724
1177,1177,37.79796509961884,-122.44674085655494
1178,1178,37.79796509961884,-122.44305205257261
1179,1179,37.79796509961884,-122.43936324859033
1180,1180,37.79796509961884,-122.435674444608
1181,1181,37.79796509961884,-122.43198564062567
1182,1182,37.79796509961884,-122.42829683664338
1183,1183,37.79796509961884,-122.42460803266104
1184,1184,37.79796509961884,-122.42091922867873
1185,1185,37.79796509961884,-122.41723042469644
1186,1186,37.79796509961884,-122.41354162071416
1187,1187,37.79796509961884,-122.40985281673181
1188,1188,37.79796509961884,-122.4061640127495
1189,1189,37.79796509961884,-122.4024752087672
1190,1190,37.79796509961884,-122.39878640478487
1191,1191,37.79796509961884,-122.39509760080259
1192,1192,37.79796509961884,-122.39140879682026
1193,1193,37.79796509961884,-122.38771999283796
1194,1194,37.79796509961884,-122.38403118885564
1195,1195,37.79796509961884,-122.38034238487336
1196,1196,37.79796509961884,-122.37665358089104
1197,1197,37.79796509961884,-122.37296477690872
1198,1198,37.79796509961884,-122.36927597292642
1199,1199,37.79796509961884,-122.3655871689441
1200,1200,37.801015162006436,-122.50945052425416
1201,1201,37.80101516200644,-122.50576172027189
1202,1202,37.801015162006436,-122.50207291628958
1203,1203,37.801015162006436,-122.49838411230726
1204,1204,37.801015162006436,-122.49469530832495
1205,1205,37.80101516200644,-122.49100650434261
1206,1206,37.801015162006436,-122.48731770036034
1207,1207,37.801015162006436,-122.48362889637801
1208,1208,37.80101516200644,-122.4799400923957
1209,1209,37.801015162006436,-122.47625128841341
1210,1210,37.801015162006436,-122.47256248443108
1211,1211,37.80101516200644,-122.4688736804488
1212,1212,37.801015162006436,-122.46518487646651
1213,1213,37.801015162006436,-122.46149607248415
1214,1214,37.80101516200644,-122.45780726850184
1215,1215,37.801015162006436,-122.45411846451952
1216,1216,37.801015162006436,-122.45042966053724
1217,1217,37.801015162006436,-122.44674085655492
1218,1218,37.80101516200644,-122.44305205257263
1219,1219,37.801015162006436,-122.43936324859033
1220,1220,37.801015162006436,-122.43567444460798
1221,1221,37.80101516200644,-122.4319856406257
1222,1222,37.801015162006436,-122.42829683664336
1223,1223,37.801015162006436,-122.42460803266106
1224,1224,37.801015162006436,-122.42091922867874
1225,1225,37.80101516200644,-122.41723042469646
1226,1226,37.801015162006436,-122.41354162071414
1227,1227,37.801015162006436,-122.40985281673183
1228,1228,37.80101516200644,-122.4061640127495
1229,1229,37.801015162006436,-122.40247520876723
1230,1230,37.801015162006436,-122.39878640478487
1231,1231,37.80101516200644,-122.39509760080259
1232,1232,37.801015162006436,-122.39140879682029
1233,1233,37.801015162006436,-122.38771999283797
1234,1234,37.80101516200644,-122.38403118885566
1235,1235,37.801015162006436,-122.38034238487336
1236,1236,37.801015162006436,-122.37665358089104
1237,1237,37.801015162006436,-122.37296477690872
1238,1238,37.80101516200644,-122.36927597292643
1239,1239,37.801015162006436,-122.36558716894412
1240,1240,37.80406522439404,-122.50945052425416
1241,1241,37.804065224394044,-122.50576172027189
1242,1242,37.80406522439404,-122.50207291628955
1243,1243,37.80406522439404,-122.49838411230728
1244,1244,37.80406522439404,-122.49469530832494
1245,1245,37.804065224394044,-122.49100650434265
1246,1246,37.80406522439404,-122.48731770036032
1247,1247,37.80406522439404,-122.483628896378
1248,1248,37.804065224394044,-122.47994009239572
1249,1249,37.80406522439404,-122.47625128841338
1250,1250,37.80406522439404,-122.47256248443108
1251,1251,37.804065224394044,-122.46887368044878
1252,1252,37.80406522439404,-122.46518487646648
1253,1253,37.80406522439404,-122.46149607248417
1254,1254,37.804065224394044,-122.45780726850184
1255,1255,37.80406522439404,-122.45411846451955
1256,1256,37.80406522439404,-122.45042966053724
1257,1257,37.80406522439404,-122.44674085655494
1258,1258,37.804065224394044,-122.44305205257261
1259,1259,37.80406522439404,-122.43936324859033
1260,1260,37.80406522439404,-122.435674444608
1261,1261,37.804065224394044,-122.43198564062567
1262,1262,37.80406522439404,-122.42829683664338
1263,1263,37.80406522439404,-122.42460803266104
1264,1264,37.80406522439404,-122.42091922867873
1265,1265,37.804065224394044,-122.41723042469644
1266,1266,37.80406522439404,-122.41354162071416
1267,1267,37.80406522439404,-122.40985281673181
1268,1268,37.804065224394044,-122.4061640127495
1269,1269,37.80406522439404,-122.4024752087672
1270,1270,37.80406522439404,-122.39878640478487
1271,1271,37.804065224394044,-122.39509760080259
1272,1272,37.80406522439404,-122.39140879682026
1273,1273,37.80406522439404,-122.38771999283796
1274,1274,37.804065224394044,-122.38403118885564
1275,1275,37.80406522439404,-122.38034238487336
1276,1276,37.80406522439404,-122.37665358089104
1277,1277,37.80406522439404,-122.37296477690872
1278,1278,37.804065224394044,-122.36927597292642
1279,1279,37.80406522439404,-122.3655871689441
1280,1280,37.80711528678164,-122.50945052425416
1281,1281,37.80711528678164,-122.50576172027189
1282,1282,37.80711528678164,-122.50207291628955
1283,1283,37.80711528678164,-122.49838411230728
1284,1284,37.80711528678164,-122.49469530832494
1285,1285,37.80711528678164,-122.49100650434265
1286,1286,37.80711528678164,-122.48731770036032
1287,1287,37.80711528678164,-122.483628896378
1288,1288,37.80711528678164,-122.47994009239572
1289,1289,37.80711528678164,-122.47625128841338
1290,1290,37.80711528678164,-122.47256248443108
1291,1291,37.80711528678164,-122.46887368044878
1292,1292,37.80711528678164,-122.46518487646648
1293,1293,37.80711528678164,-122.46149607248417
1294,1294,37.80711528678164,-122.45780726850184
1295,1295,37.80711528678164,-122.45411846451955
1296,1296,37.80711528678164,-122.45042966053724
1297,1297,37.80711528678164,-122.44674085655494
1298,1298,37.80711528678164,-122.44305205257261
1299,1299,37.80711528678164,-122.43936324859033
1300,1300,37.80711528678164,-122.435674444608
1301,1301,37.80711528678164,-122.43198564062567
1302,1302,37.80711528678164,-122.42829683664338
1303,1303,37.80711528678164,-122.42460803266104
1304,1304,37.80711528678164,-122.42091922867873
1305,1305,37.80711528678164,-122.41723042469644
1306,1306,37.80711528678164,-122.41354162071416
1307,1307,37.80711528678164,-122.40985281673181
1308,1308,37.80711528678164,-122.4061640127495
1309,1309,37.80711528678164,-122.4024752087672
1310,1310,37.80711528678164,-122.39878640478487
1311,1311,37.80711528678164,-122.39509760080259
1312,1312,37.80711528678164,-122.39140879682026
1313,1313,37.80711528678164,-122.38771999283796
1314,1314,37.80711528678164,-122.38403118885564
1315,1315,37.80711528678164,-122.38034238487336
1316,1316,37.80711528678164,-122.37665358089104
1317,1317,37.80711528678164,-122.37296477690872
1318,1318,37.80711528678164,-122.36927597292642
1319,1319,37.80711528678164,-122.3655871689441
1320,1320,37.81016534916924,-122.50945052425416
1321,1321,37.81016534916924,-122.50576172027189
1322,1322,37.81016534916924,-122.50207291628958
1323,1323,37.81016534916924,-122.49838411230726
1324,1324,37.81016534916924,-122.49469530832495
1325,1325,37.81016534916924,-122.49100650434261
1326,1326,37.81016534916924,-122.48731770036034
1327,1327,37.81016534916924,-122.48362889637801
1328,1328,37.81016534916924,-122.4799400923957
1329,1329,37.81016534916924,-122.47625128841341
1330,1330,37.81016534916924,-122.47256248443108
1331,1331,37.81016534916924,-122.4688736804488
1332,1332,37.81016534916924,-122.46518487646651
1333,1333,37.81016534916924,-122.46149607248415
1334,1334,37.81016534916924,-122.45780726850184
1335,1335,37.81016534916924,-122.45411846451952
1336,1336,37.81016534916924,-122.45042966053724
1337,1337,37.81016534916924,-122.44674085655492
1338,1338,37.81016534916924,-122.44305205257263
1339,1339,37.81016534916924,-122.43936324859033
1340,1340,37.81016534916924,-122.43567444460798
1341,1341,37.81016534916924,-122.4319856406257
1342,1342,37.81016534916924,-122.42829683664336
1343,1343,37.81016534916924,-122.42460803266106
1344,1344,37.81016534916924,-122.42091922867874
1345,1345,37.81016534916924,-122.41723042469646
1346,1346,37.81016534916924,-122.41354162071414
1347,1347,37.81016534916924,-122.40985281673183
1348,1348,37.81016534916924,-122.4061640127495
1349,1349,37.81016534916924,-122.40247520876723
1350,1350,37.81016534916924,-122.39878640478487
1351,1351,37.81016534916924,-122.39509760080259
1352,1352,37.81016534916924,-122.39140879682029
1353,1353,37.81016534916924,-122.38771999283797
1354,1354,37.81016534916924,-122.38403118885566
1355,1355,37.81016534916924,-122.38034238487336
1356,1356,37.81016534916924,-122.37665358089104
1357,1357,37.81016534916924,-122.37296477690872
1358,1358,37.81016534916924,-122.36927597292643
1359,1359,37.81016534916924,-122.36558716894412
1360,1360,37.81321541155683,-122.50945052425416
1361,1361,37.81321541155683,-122.50576172027189
1362,1362,37.81321541155683,-122.50207291628955
1363,1363,37.81321541155683,-122.49838411230728
1364,1364,37.81321541155683,-122.49469530832494
1365,1365,37.81321541155683,-122.49100650434265
1366,1366,37.81321541155683,-122.48731770036032
1367,1367,37.81321541155683,-122.483628896378
1368,1368,37.81321541155683,-122.47994009239572
1369,1369,37.81321541155683,-122.47625128841338
1370,1370,37.81321541155683,-122.47256248443108
1371,1371,37.81321541155683,-122.46887368044878
1372,1372,37.81321541155683,-122.46518487646648
1373,1373,37.81321541155683,-122.46149607248417
1374,1374,37.81321541155683,-122.45780726850184
1375,1375,37.81321541155683,-122.45411846451955
1376,1376,37.81321541155683,-122.45042966053724
1377,1377,37.81321541155683,-122.44674085655494
1378,1378,37.81321541155683,-122.44305205257261
1379,1379,37.81321541155683,-122.43936324859033
1380,1380,37.81321541155683,-122.435674444608
1381,1381,37.81321541155683,-122.43198564062567
1382,1382,37.81321541155683,-122.42829683664338
1383,1383,37.81321541155683,-122.42460803266104
1384,1384,37.81321541155683,-122.42091922867873
1385,1385,37.81321541155683,-122.41723042469644
1386,1386,37.81321541155683,-122.41354162071416
1387,1387,37.81321541155683,-122.40985281673181
1388,1388,37.81321541155683,-122.4061640127495
1389,1389,37.81321541155683,-122.4024752087672
1390,1390,37.81321541155683,-122.39878640478487
1391,1391,37.81321541155683,-122.39509760080259
1392,1392,37.81321541155683,-122.39140879682026
1393,1393,37.81321541155683,-122.38771999283796
1394,1394,37.81321541155683,-122.38403118885564
1395,1395,37.81321541155683,-122.38034238487336
1396,1396,37.81321541155683,-122.37665358089104
1397,1397,37.81321541155683,-122.37296477690872
1398,1398,37.81321541155683,-122.36927597292642
1399,1399,37.81321541155683,-122.3655871689441
1400,1400,37.81626547394443,-122.50945052425416
1401,1401,37.816265473944426,-122.50576172027189
1402,1402,37.81626547394443,-122.50207291628955
1403,1403,37.81626547394443,-122.49838411230728
1404,1404,37.81626547394443,-122.49469530832494
1405,1405,37.816265473944426,-122.49100650434265
1406,1406,37.81626547394443,-122.48731770036032
1407,1407,37.81626547394443,-122.483628896378
1408,1408,37.816265473944426,-122.47994009239572
1409,1409,37.81626547394443,-122.47625128841338
1410,1410,37.81626547394443,-122.47256248443108
1411,1411,37.816265473944426,-122.46887368044878
1412,1412,37.81626547394443,-122.46518487646648
1413,1413,37.81626547394443,-122.46149607248417
1414,1414,37.816265473944426,-122.45780726850184
1415,1415,37.81626547394443,-122.45411846451955
1416,1416,37.81626547394443,-122.45042966053724
1417,1417,37.81626547394443,-122.44674085655494
1418,1418,37.816265473944426,-122.44305205257261
1419,1419,37.81626547394443,-122.43936324859033
1420,1420,37.81626547394443,-122.435674444608
1421,1421,37.816265473944426,-122.43198564062567
1422,1422,37.81626547394443,-122.42829683664338
1423,1423,37.81626547394443,-122.42460803266104
1424,1424,37.81626547394443,-122.42091922867873
1425,1425,37.816265473944426,-122.41723042469644
1426,1426,37.81626547394443,-122.41354162071416
1427,1427,37.81626547394443,-122.40985281673181
1428,1428,37.816265473944426,-122.4061640127495
1429,1429,37.81626547394443,-122.4024752087672
1430,1430,37.81626547394443,-122.39878640478487
1431,1431,37.816265473944426,-122.39509760080259
1432,1432,37.81626547394443,-122.39140879682026
1433,1433,37.81626547394443,-122.38771999283796
1434,1434,37.816265473944426,-122.38403118885564
1435,1435,37.81626547394443,-122.38034238487336
1436,1436,37.81626547394443,-122.37665358089104
1437,1437,37.81626547394443,-122.37296477690872
1438,1438,37.816265473944426,-122.36927597292642
1439,1439,37.81626547394443,-122.3655871689441
1440,1440,37.81931553633203,-122.50945052425416
1441,1441,37.81931553633204,-122.50576172027189
1442,1442,37.81931553633203,-122.50207291628955
1443,1443,37.81931553633203,-122.49838411230728
1444,1444,37.81931553633203,-122.49469530832494
1445,1445,37.81931553633204,-122.49100650434265
1446,1446,37.81931553633203,-122.48731770036032
1447,1447,37.81931553633203,-122.483628896378
1448,1448,37.81931553633204,-122.47994009239572
1449,1449,37.81931553633203,-122.47625128841338
1450,1450,37.81931553633203,-122.47256248443108
1451,1451,37.81931553633204,-122.46887368044878
1452,1452,37.81931553633203,-122.46518487646648
1453,1453,37.81931553633203,-122.46149607248417
1454,1454,37.81931553633204,-122.45780726850184
1455,1455,37.81931553633203,-122.45411846451955
1456,1456,37.81931553633203,-122.45042966053724
1457,1457,37.81931553633203,-122.44674085655494
1458,1458,37.81931553633204,-122.44305205257261
1459,1459,37.81931553633203,-122.43936324859033
1460,1460,37.81931553633203,-122.435674444608
1461,1461,37.81931553633204,-122.43198564062567
1462,1462,37.81931553633203,-122.42829683664338
1463,1463,37.81931553633203,-122.42460803266104
1464,1464,37.81931553633203,-122.42091922867873
1465,1465,37.81931553633204,-122.41723042469644
1466,1466,37.81931553633203,-122.41354162071416
1467,1467,37.81931553633203,-122.40985281673181
1468,1468,37.81931553633204,-122.4061640127495
1469,1469,37.81931553633203,-122.4024752087672
1470,1470,37.81931553633203,-122.39878640478487
1471,1471,37.81931553633204,-122.39509760080259
1472,1472,37.81931553633203,-122.39140879682026
1473,1473,37.81931553633203,-122.38771999283796
1474,1474,37.81931553633204,-122.38403118885564
1475,1475,37.81931553633203,-122.38034238487336
1476,1476,37.81931553633203,-122.37665358089104
1477,1477,37.81931553633203,-122.37296477690872
1478,1478,37.81931553633204,-122.36927597292642
1479,1479,37.81931553633203,-122.3655871689441
1480,1480,37.822365598719635,-122.50945052425416
1481,1481,37.822365598719635,-122.50576172027189
1482,1482,37.822365598719635,-122.50207291628955
1483,1483,37.822365598719635,-122.49838411230728
1484,1484,37.822365598719635,-122.49469530832494
1485,1485,37.822365598719635,-122.49100650434265
1486,1486,37.822365598719635,-122.48731770036032
1487,1487,37.822365598719635,-122.483628896378
1488,1488,37.822365598719635,-122.47994009239572
1489,1489,37.822365598719635,-122.47625128841338
1490,1490,37.822365598719635,-122.47256248443108
1491,1491,37.822365598719635,-122.46887368044878
1492,1492,37.822365598719635,-122.46518487646648
1493,1493,37.822365598719635,-122.46149607248417
1494,1494,37.822365598719635,-122.45780726850184
1495,1495,37.822365598719635,-122.45411846451955
1496,1496,37.822365598719635,-122.45042966053724
1497,1497,37.822365598719635,-122.44674085655494
1498,1498,37.822365598719635,-122.44305205257261
1499,1499,37.822365598719635,-122.43936324859033
1500,1500,37.822365598719635,-122.435674444608
1501,1501,37.822365598719635,-122.43198564062567
1502,1502,37.822365598719635,-122.42829683664338
1503,1503,37.822365598719635,-122.42460803266104
1504,1504,37.822365598719635,-122.42091922867873
1505,1505,37.822365598719635,-122.41723042469644
1506,1506,37.822365598719635,-122.41354162071416
1507,1507,37.822365598719635,-122.40985281673181
1508,1508,37.822365598719635,-122.4061640127495
1509,1509,37.822365598719635,-122.4024752087672
1510,1510,37.822365598719635,-122.39878640478487
1511,1511,37.822365598719635,-122.39509760080259
1512,1512,37.822365598719635,-122.39140879682026
1513,1513,37.822365598719635,-122.38771999283796
1514,1514,37.822365598719635,-122.38403118885564
1515,1515,37.822365598719635,-122.38034238487336
1516,1516,37.822365598719635,-122.37665358089104
1517,1517,37.822365598719635,-122.37296477690872
1518,1518,37.822365598719635,-122.36927597292642
1519,1519,37.822365598719635,-122.3655871689441
1520,1520,37.82541566110723,-122.50945052425416
1521,1521,37.825415661107236,-122.50576172027189
1522,1522,37.82541566110723,-122.50207291628958
1523,1523,37.82541566110723,-122.49838411230726
1524,1524,37.82541566110723,-122.49469530832495
1525,1525,37.825415661107236,-122.49100650434261
1526,1526,37.82541566110723,-122.48731770036034
1527,1527,37.82541566110723,-122.48362889637801
1528,1528,37.825415661107236,-122.4799400923957
1529,1529,37.82541566110723,-122.47625128841341
1530,1530,37.82541566110723,-122.47256248443108
1531,1531,37.825415661107236,-122.4688736804488
1532,1532,37.82541566110723,-122.46518487646651
1533,1533,37.82541566110723,-122.46149607248415
1534,1534,37.825415661107236,-122.45780726850184
1535,1535,37.82541566110723,-122.45411846451952
1536,1536,37.82541566110723,-122.45042966053724
1537,1537,37.82541566110723,-122.44674085655492
1538,1538,37.825415661107236,-122.44305205257263
1539,1539,37.82541566110723,-122.43936324859033
1540,1540,37.82541566110723,-122.43567444460798
1541,1541,37.825415661107236,-122.4319856406257
1542,1542,37.82541566110723,-122.42829683664336
1543,1543,37.82541566110723,-122.42460803266106
1544,1544,37.82541566110723,-122.42091922867874
1545,1545,37.825415661107236,-122.41723042469646
1546,1546,37.82541566110723,-122.41354162071414
1547,1547,37.82541566110723,-122.40985281673183
1548,1548,37.825415661107236,-122.4061640127495
1549,1549,37.82541566110723,-122.40247520876723
1550,1550,37.82541566110723,-122.39878640478487
1551,1551,37.825415661107236,-122.39509760080259
1552,1552,37.82541566110723,-122.39140879682029
1553,1553,37.82541566110723,-122.38771999283797
1554,1554,37.825415661107236,-122.38403118885566
1555,1555,37.82541566110723,-122.38034238487336
1556,1556,37.82541566110723,-122.37665358089104
1557,1557,37.82541566110723,-122.37296477690872
1558,1558,37.825415661107236,-122.36927597292643
1559,1559,37.82541566110723,-122.36558716894412
1560,1560,37.82846572349482,-122.50945052425416
1561,1561,37.82846572349483,-122.50576172027189
1562,1562,37.82846572349482,-122.50207291628955
1563,1563,37.82846572349482,-122.49838411230728
1564,1564,37.82846572349482,-122.49469530832494
1565,1565,37.82846572349483,-122.49100650434265
1566,1566,37.82846572349482,-122.48731770036032
1567,1567,37.82846572349482,-122.483628896378
1568,1568,37.82846572349483,-122.47994009239572
1569,1569,37.82846572349482,-122.47625128841338
1570,1570,37.82846572349482,-122.47256248443108
1571,1571,37.82846572349483,-122.46887368044878
1572,1572,37.82846572349482,-122.46518487646648
1573,1573,37.82846572349482,-122.46149607248417
1574,1574,37.82846572349483,-122.45780726850184
1575,1575,37.82846572349482,-122.45411846451955
1576,1576,37.82846572349482,-122.45042966053724
1577,1577,37.82846572349482,-122.44674085655494
1578,1578,37.82846572349483,-122.44305205257261
1579,1579,37.82846572349482,-122.43936324859033
1580,1580,37.82846572349482,-122.435674444608
1581,1581,37.82846572349483,-122.43198564062567
1582,1582,37.82846572349482,-122.42829683664338
1583,1583,37.82846572349482,-122.42460803266104
1584,1584,37.82846572349482,-122.42091922867873
1585,1585,37.82846572349483,-122.41723042469644
1586,1586,37.82846572349482,-122.41354162071416
1587,1587,37.82846572349482,-122.40985281673181
1588,1588,37.82846572349483,-122.4061640127495
1589,1589,37.82846572349482,-122.4024752087672
1590,1590,37.82846572349482,-122.39878640478487
1591,1591,37.82846572349483,-122.39509760080259
1592,1592,37.82846572349482,-122.39140879682026
1593,1593,37.82846572349482,-122.38771999283796
1594,1594,37.82846572349483,-122.38403118885564
1595,1595,37.82846572349482,-122.38034238487336
1596,1596,37.82846572349482,-122.37665358089104
1597,1597,37.82846572349482,-122.37296477690872
1598,1598,37.82846572349483,-122.36927597292642
1599,1599,37.82846572349482,-122.3655871689441
